,Number of Homicide Convictions,Percentage of Homicide Convictions,Number of Homicide Unsuccessful,Percentage of Homicide Unsuccessful,Number of Offences Against The Person Convictions,Percentage of Offences Against The Person Convictions,Number of Offences Against The Person Unsuccessful,Percentage of Offences Against The Person Unsuccessful,Number of Sexual Offences Convictions,Percentage of Sexual Offences Convictions,Number of Sexual Offences Unsuccessful,Percentage of Sexual Offences Unsuccessful,Number of Burglary Convictions,Percentage of Burglary Convictions,Number of Burglary Unsuccessful,Percentage of Burglary Unsuccessful,Number of Robbery Convictions,Percentage of Robbery Convictions,Number of Robbery Unsuccessful,Percentage of Robbery Unsuccessful,Number of Theft And Handling Convictions,Percentage of Theft And Handling Convictions,Number of Theft And Handling Unsuccessful,Percentage of Theft And Handling Unsuccessful,Number of Fraud And Forgery Convictions,Percentage of Fraud And Forgery Convictions,Number of Fraud And Forgery Unsuccessful,Percentage of Fraud And Forgery Unsuccessful,Number of Criminal Damage Convictions,Percentage of Criminal Damage Convictions,Number of Criminal Damage Unsuccessful,Percentage of Criminal Damage Unsuccessful,Number of Drugs Offences Convictions,Percentage of Drugs Offences Convictions,Number of Drugs Offences Unsuccessful,Percentage of Drugs Offences Unsuccessful,Number of Public Order Offences Convictions,Percentage of Public Order Offences Convictions,Number of Public Order Offences Unsuccessful,Percentage of Public Order Offences Unsuccessful,Number of All Other Offences (excluding Motoring) Convictions,Percentage of All Other Offences (excluding Motoring) Convictions,Number of All Other Offences (excluding Motoring) Unsuccessful,Percentage of All Other Offences (excluding Motoring) Unsuccessful,Number of Motoring Offences Convictions,Percentage of Motoring Offences Convictions,Number of Motoring Offences Unsuccessful,Percentage of Motoring Offences Unsuccessful,Number of Admin Finalised Unsuccessful,Percentage of L Motoring Offences Unsuccessful,Month,Year
National,101,74.30%,35,25.70%,"10,394",77.10%,"3,087",22.90%,"1,084",74.90%,363,25.10%,"1,159",85.90%,191,14.10%,348,77.20%,103,22.80%,"7,156",91.80%,637,8.20%,961,84.30%,179,15.70%,"1,831",84.50%,337,15.50%,"4,123",94.10%,260,5.90%,"3,245",83.70%,634,16.30%,697,84.50%,128,15.50%,"7,150",84.40%,"1,317",15.60%,803,100.00%,July,2016
Avon and Somerset,3,33.30%,6,66.70%,305,77.40%,89,22.60%,48,82.80%,10,17.20%,35,92.10%,3,7.90%,7,87.50%,1,12.50%,186,93.50%,13,6.50%,13,81.30%,3,18.80%,51,87.90%,7,12.10%,98,98.00%,2,2.00%,73,88.00%,10,12.00%,8,80.00%,2,20.00%,203,86.40%,32,13.60%,35,100.00%,July,2016
Bedfordshire,3,60.00%,2,40.00%,83,83.80%,16,16.20%,7,77.80%,2,22.20%,22,95.70%,1,4.30%,3,75.00%,1,25.00%,41,85.40%,7,14.60%,6,100.00%,0,0.00%,16,100.00%,0,0.00%,31,93.90%,2,6.10%,16,76.20%,5,23.80%,4,66.70%,2,33.30%,76,80.00%,19,20.00%,10,100.00%,July,2016
Cambridgeshire,0,-,0,-,138,84.10%,26,15.90%,10,83.30%,2,16.70%,15,88.20%,2,11.80%,4,80.00%,1,20.00%,85,96.60%,3,3.40%,3,100.00%,0,0.00%,29,87.90%,4,12.10%,36,97.30%,1,2.70%,28,87.50%,4,12.50%,7,100.00%,0,0.00%,84,88.40%,11,11.60%,11,100.00%,July,2016
Cheshire,2,100.00%,0,0.00%,275,84.40%,51,15.60%,21,72.40%,8,27.60%,14,73.70%,5,26.30%,1,33.30%,2,66.70%,151,95.00%,8,5.00%,15,100.00%,0,0.00%,40,87.00%,6,13.00%,101,98.10%,2,1.90%,95,91.30%,9,8.70%,14,87.50%,2,12.50%,201,91.80%,18,8.20%,6,100.00%,July,2016
Cleveland,1,100.00%,0,0.00%,148,77.50%,43,22.50%,11,91.70%,1,8.30%,39,90.70%,4,9.30%,5,55.60%,4,44.40%,210,93.30%,15,6.70%,11,100.00%,0,0.00%,40,78.40%,11,21.60%,75,96.20%,3,3.80%,46,78.00%,13,22.00%,14,73.70%,5,26.30%,85,96.60%,3,3.40%,6,100.00%,July,2016
Cumbria,0,-,0,-,96,78.70%,26,21.30%,5,83.30%,1,16.70%,9,90.00%,1,10.00%,1,100.00%,0,0.00%,64,91.40%,6,8.60%,7,87.50%,1,12.50%,25,78.10%,7,21.90%,34,91.90%,3,8.10%,25,89.30%,3,10.70%,4,100.00%,0,0.00%,74,91.40%,7,8.60%,3,100.00%,July,2016
Derbyshire,0,-,0,-,178,81.70%,40,18.30%,4,100.00%,0,0.00%,14,82.40%,3,17.60%,7,100.00%,0,0.00%,117,92.10%,10,7.90%,12,100.00%,0,0.00%,45,83.30%,9,16.70%,48,87.30%,7,12.70%,49,83.10%,10,16.90%,12,80.00%,3,20.00%,116,82.90%,24,17.10%,22,100.00%,July,2016
Devon and Cornwall,2,66.70%,1,33.30%,221,79.20%,58,20.80%,16,88.90%,2,11.10%,20,90.90%,2,9.10%,4,80.00%,1,20.00%,112,95.70%,5,4.30%,18,75.00%,6,25.00%,37,92.50%,3,7.50%,52,100.00%,0,0.00%,51,83.60%,10,16.40%,5,100.00%,0,0.00%,189,87.50%,27,12.50%,9,100.00%,July,2016
Dorset,1,100.00%,0,0.00%,130,87.20%,19,12.80%,10,76.90%,3,23.10%,9,75.00%,3,25.00%,0,0,0,0,77,96.30%,3,3.80%,8,100.00%,0,0.00%,24,92.30%,2,7.70%,42,97.70%,1,2.30%,48,85.70%,8,14.30%,6,100.00%,0,0.00%,66,86.80%,10,13.20%,9,100.00%,July,2016
Durham,0,0.00%,1,100.00%,104,81.90%,23,18.10%,6,85.70%,1,14.30%,15,93.80%,1,6.30%,3,75.00%,1,25.00%,87,94.60%,5,5.40%,12,92.30%,1,7.70%,21,80.80%,5,19.20%,18,100.00%,0,0.00%,23,74.20%,8,25.80%,11,100.00%,0,0.00%,104,94.50%,6,5.50%,7,100.00%,July,2016
Dyfed Powys,0,0.00%,1,100.00%,65,84.40%,12,15.60%,5,62.50%,3,37.50%,4,100.00%,0,0.00%,0,0,0,0,31,93.90%,2,6.10%,3,50.00%,3,50.00%,15,100.00%,0,0.00%,36,100.00%,0,0.00%,34,94.40%,2,5.60%,2,66.70%,1,33.30%,77,83.70%,15,16.30%,6,100.00%,July,2016
Essex,7,100.00%,0,0.00%,303,80.80%,72,19.20%,45,76.30%,14,23.70%,31,86.10%,5,13.90%,11,64.70%,6,35.30%,157,89.70%,18,10.30%,26,83.90%,5,16.10%,41,80.40%,10,19.60%,77,95.10%,4,4.90%,54,85.70%,9,14.30%,10,71.40%,4,28.60%,195,81.90%,43,18.10%,28,100.00%,July,2016
Gloucestershire,1,100.00%,0,0.00%,86,82.70%,18,17.30%,1,100.00%,0,0.00%,16,88.90%,2,11.10%,4,100.00%,0,0.00%,48,94.10%,3,5.90%,9,100.00%,0,0.00%,12,92.30%,1,7.70%,35,100.00%,0,0.00%,25,69.40%,11,30.60%,2,100.00%,0,0.00%,57,95.00%,3,5.00%,4,100.00%,July,2016
GreaterManchester,3,100.00%,0,0.00%,566,81.70%,127,18.30%,92,72.40%,35,27.60%,58,90.60%,6,9.40%,19,73.10%,7,26.90%,248,93.90%,16,6.10%,41,85.40%,7,14.60%,80,94.10%,5,5.90%,127,87.00%,19,13.00%,162,91.50%,15,8.50%,52,94.50%,3,5.50%,325,78.10%,91,21.90%,31,100.00%,July,2016
Gwent,1,100.00%,0,0.00%,81,82.70%,17,17.30%,7,63.60%,4,36.40%,10,90.90%,1,9.10%,5,100.00%,0,0.00%,79,92.90%,6,7.10%,6,100.00%,0,0.00%,18,78.30%,5,21.70%,33,94.30%,2,5.70%,35,97.20%,1,2.80%,3,75.00%,1,25.00%,92,90.20%,10,9.80%,1,100.00%,July,2016
Hampshire,2,100.00%,0,0.00%,270,87.70%,38,12.30%,30,76.90%,9,23.10%,31,86.10%,5,13.90%,6,100.00%,0,0.00%,176,94.60%,10,5.40%,33,84.60%,6,15.40%,43,87.80%,6,12.20%,65,95.60%,3,4.40%,63,85.10%,11,14.90%,14,93.30%,1,6.70%,190,92.20%,16,7.80%,13,100.00%,July,2016
Hertfordshire,1,50.00%,1,50.00%,181,85.00%,32,15.00%,15,88.20%,2,11.80%,22,100.00%,0,0.00%,2,50.00%,2,50.00%,145,89.50%,17,10.50%,31,93.90%,2,6.10%,34,94.40%,2,5.60%,80,97.60%,2,2.40%,40,78.40%,11,21.60%,8,88.90%,1,11.10%,133,83.10%,27,16.90%,12,100.00%,July,2016
Humberside,1,100.00%,0,0.00%,160,83.80%,31,16.20%,28,70.00%,12,30.00%,32,78.00%,9,22.00%,6,66.70%,3,33.30%,140,97.90%,3,2.10%,7,100.00%,0,0.00%,48,87.30%,7,12.70%,51,96.20%,2,3.80%,63,92.60%,5,7.40%,9,90.00%,1,10.00%,115,92.00%,10,8.00%,9,100.00%,July,2016
Kent,8,100.00%,0,0.00%,266,79.90%,67,20.10%,20,69.00%,9,31.00%,32,88.90%,4,11.10%,8,100.00%,0,0.00%,172,92.50%,14,7.50%,39,86.70%,6,13.30%,40,83.30%,8,16.70%,90,91.80%,8,8.20%,45,86.50%,7,13.50%,28,70.00%,12,30.00%,165,87.80%,23,12.20%,23,100.00%,July,2016
Lancashire,2,100.00%,0,0.00%,230,72.60%,87,27.40%,18,94.70%,1,5.30%,40,87.00%,6,13.00%,12,80.00%,3,20.00%,186,93.00%,14,7.00%,30,90.90%,3,9.10%,53,85.50%,9,14.50%,76,90.50%,8,9.50%,99,89.20%,12,10.80%,18,72.00%,7,28.00%,201,81.00%,47,19.00%,6,100.00%,July,2016
Leicestershire,1,100.00%,0,0.00%,135,79.90%,34,20.10%,26,76.50%,8,23.50%,19,100.00%,0,0.00%,2,100.00%,0,0.00%,104,95.40%,5,4.60%,11,84.60%,2,15.40%,31,86.10%,5,13.90%,36,97.30%,1,2.70%,55,90.20%,6,9.80%,8,72.70%,3,27.30%,119,89.50%,14,10.50%,7,100.00%,July,2016
Lincolnshire,0,-,0,-,136,76.80%,41,23.20%,4,100.00%,0,0.00%,12,100.00%,0,0.00%,2,33.30%,4,66.70%,97,90.70%,10,9.30%,9,81.80%,2,18.20%,31,86.10%,5,13.90%,37,97.40%,1,2.60%,52,78.80%,14,21.20%,18,66.70%,9,33.30%,134,78.80%,36,21.20%,12,100.00%,July,2016
Merseyside,1,100.00%,0,0.00%,325,86.00%,53,14.00%,30,78.90%,8,21.10%,22,88.00%,3,12.00%,10,90.90%,1,9.10%,200,97.60%,5,2.40%,25,73.50%,9,26.50%,41,85.40%,7,14.60%,164,94.80%,9,5.20%,96,88.90%,12,11.10%,18,90.00%,2,10.00%,212,90.20%,23,9.80%,15,100.00%,July,2016
Metropolitan and City,21,70.00%,9,30.00%,"1,804",67.70%,862,32.30%,143,65.60%,75,34.40%,195,80.60%,47,19.40%,92,73.60%,33,26.40%,"1,022",84.00%,194,16.00%,283,84.00%,54,16.00%,240,73.80%,85,26.20%,"1,075",91.30%,102,8.70%,518,75.80%,165,24.20%,106,78.50%,29,21.50%,919,75.30%,301,24.70%,222,100.00%,July,2016
Norfolk,0,-,0,-,154,81.90%,34,18.10%,13,86.70%,2,13.30%,20,87.00%,3,13.00%,6,100.00%,0,0.00%,116,94.30%,7,5.70%,9,81.80%,2,18.20%,40,87.00%,6,13.00%,44,100.00%,0,0.00%,69,92.00%,6,8.00%,16,88.90%,2,11.10%,98,96.10%,4,3.90%,12,100.00%,July,2016
Northamptonshire,0,-,0,-,122,77.20%,36,22.80%,7,100.00%,0,0.00%,6,100.00%,0,0.00%,1,100.00%,0,0.00%,90,91.80%,8,8.20%,4,100.00%,0,0.00%,20,95.20%,1,4.80%,33,100.00%,0,0.00%,24,85.70%,4,14.30%,11,44.00%,14,56.00%,111,89.50%,13,10.50%,21,100.00%,July,2016
Northumbria,6,85.70%,1,14.30%,295,77.60%,85,22.40%,41,74.50%,14,25.50%,52,83.90%,10,16.10%,2,33.30%,4,66.70%,304,92.70%,24,7.30%,24,82.80%,5,17.20%,77,80.20%,19,19.80%,98,97.00%,3,3.00%,158,83.60%,31,16.40%,20,83.30%,4,16.70%,198,84.30%,37,15.70%,13,100.00%,July,2016
North Wales,1,100.00%,0,0.00%,144,78.30%,40,21.70%,24,77.40%,7,22.60%,19,90.50%,2,9.50%,0,0,0,0,112,94.10%,7,5.90%,12,80.00%,3,20.00%,29,87.90%,4,12.10%,42,95.50%,2,4.50%,45,78.90%,12,21.10%,9,100.00%,0,0.00%,121,86.40%,19,13.60%,6,100.00%,July,2016
North Yorkshire,2,100.00%,0,0.00%,101,75.90%,32,24.10%,10,100.00%,0,0.00%,18,90.00%,2,10.00%,2,100.00%,0,0.00%,114,91.90%,10,8.10%,4,50.00%,4,50.00%,28,87.50%,4,12.50%,63,92.60%,5,7.40%,62,91.20%,6,8.80%,12,100.00%,0,0.00%,98,86.70%,15,13.30%,10,100.00%,July,2016
Nottinghamshire,5,83.30%,1,16.70%,225,78.10%,63,21.90%,37,84.10%,7,15.90%,23,67.60%,11,32.40%,16,84.20%,3,15.80%,189,90.40%,20,9.60%,22,78.60%,6,21.40%,46,85.20%,8,14.80%,132,93.60%,9,6.40%,55,74.30%,19,25.70%,15,78.90%,4,21.10%,175,87.10%,26,12.90%,26,100.00%,July,2016
South Wales,3,100.00%,0,0.00%,332,72.80%,124,27.20%,28,75.70%,9,24.30%,36,83.70%,7,16.30%,9,90.00%,1,10.00%,252,92.60%,20,7.40%,19,82.60%,4,17.40%,59,80.80%,14,19.20%,201,95.30%,10,4.70%,129,85.40%,22,14.60%,19,95.00%,1,5.00%,268,77.50%,78,22.50%,11,100.00%,July,2016
South Yorkshire,4,57.10%,3,42.90%,213,73.70%,76,26.30%,13,100.00%,0,0.00%,25,86.20%,4,13.80%,13,92.90%,1,7.10%,226,95.00%,12,5.00%,23,88.50%,3,11.50%,60,88.20%,8,11.80%,127,99.20%,1,0.80%,87,95.60%,4,4.40%,18,94.70%,1,5.30%,174,85.70%,29,14.30%,20,100.00%,July,2016
Staffordshire,1,20.00%,4,80.00%,215,72.10%,83,27.90%,23,74.20%,8,25.80%,30,100.00%,0,0.00%,5,100.00%,0,0.00%,147,98.00%,3,2.00%,6,85.70%,1,14.30%,48,87.30%,7,12.70%,65,94.20%,4,5.80%,94,81.70%,21,18.30%,13,92.90%,1,7.10%,162,80.60%,39,19.40%,15,100.00%,July,2016
Suffolk,1,100.00%,0,0.00%,114,85.70%,19,14.30%,7,63.60%,4,36.40%,3,75.00%,1,25.00%,2,100.00%,0,0.00%,67,91.80%,6,8.20%,9,81.80%,2,18.20%,25,92.60%,2,7.40%,39,97.50%,1,2.50%,38,82.60%,8,17.40%,6,85.70%,1,14.30%,94,97.90%,2,2.10%,15,100.00%,July,2016
Surrey,1,100.00%,0,0.00%,115,74.70%,39,25.30%,27,84.40%,5,15.60%,9,100.00%,0,0.00%,6,85.70%,1,14.30%,50,98.00%,1,2.00%,5,83.30%,1,16.70%,17,89.50%,2,10.50%,37,94.90%,2,5.10%,23,79.30%,6,20.70%,1,100.00%,0,0.00%,123,91.80%,11,8.20%,5,100.00%,July,2016
Sussex,1,33.30%,2,66.70%,224,78.30%,62,21.70%,21,56.80%,16,43.20%,18,85.70%,3,14.30%,3,27.30%,8,72.70%,146,91.80%,13,8.20%,16,76.20%,5,23.80%,38,82.60%,8,17.40%,90,94.70%,5,5.30%,56,86.20%,9,13.80%,12,80.00%,3,20.00%,184,91.50%,17,8.50%,12,100.00%,July,2016
Thames Valley,2,100.00%,0,0.00%,351,74.20%,122,25.80%,40,64.50%,22,35.50%,23,79.30%,6,20.70%,7,87.50%,1,12.50%,210,90.50%,22,9.50%,24,80.00%,6,20.00%,40,87.00%,6,13.00%,124,96.10%,5,3.90%,90,80.40%,22,19.60%,22,88.00%,3,12.00%,228,89.10%,28,10.90%,15,100.00%,July,2016
Warwickshire,1,100.00%,0,0.00%,60,82.20%,13,17.80%,8,88.90%,1,11.10%,9,90.00%,1,10.00%,2,100.00%,0,0.00%,47,88.70%,6,11.30%,11,73.30%,4,26.70%,8,66.70%,4,33.30%,19,90.50%,2,9.50%,23,92.00%,2,8.00%,5,83.30%,1,16.70%,94,87.00%,14,13.00%,2,100.00%,July,2016
West Mercia,0,-,0,-,199,82.90%,41,17.10%,19,63.30%,11,36.70%,18,75.00%,6,25.00%,1,50.00%,1,50.00%,167,91.30%,16,8.70%,11,91.70%,1,8.30%,35,81.40%,8,18.60%,82,95.30%,4,4.70%,68,84.00%,13,16.00%,13,92.90%,1,7.10%,182,80.20%,45,19.80%,3,100.00%,July,2016
West Midlands,5,71.40%,2,28.60%,655,75.80%,209,24.20%,83,76.90%,25,23.10%,67,82.70%,14,17.30%,39,83.00%,8,17.00%,548,92.60%,44,7.40%,67,81.70%,15,18.30%,96,88.90%,12,11.10%,243,94.20%,15,5.80%,249,81.40%,57,18.60%,75,96.20%,3,3.80%,349,81.90%,77,18.10%,75,100.00%,July,2016
West Yorkshire,7,87.50%,1,12.50%,475,79.80%,120,20.20%,65,76.50%,20,23.50%,56,87.50%,8,12.50%,19,79.20%,5,20.80%,345,94.50%,20,5.50%,27,84.40%,5,15.60%,89,87.30%,13,12.70%,131,94.90%,7,5.10%,135,83.90%,26,16.10%,46,97.90%,1,2.10%,298,87.40%,43,12.60%,32,100.00%,July,2016
Wiltshire,0,-,0,-,114,94.20%,7,5.80%,16,88.90%,2,11.10%,11,100.00%,0,0.00%,1,100.00%,0,0.00%,91,93.80%,6,6.20%,10,83.30%,2,16.70%,21,91.30%,2,8.70%,36,92.30%,3,7.70%,45,90.00%,5,10.00%,3,100.00%,0,0.00%,61,93.80%,4,6.20%,3,100.00%,July,2016
